,album_group,album_type,artists,external_urls,href,id,images,name,release_date,release_date_precision,total_tracks,type,uri,track_artist
0,album,album,"[{'external_urls': {'spotify': 'https://open.spotify.com/artist/4Z8W4fKeB5YxbusRsdQVPb'}, 'href': 'https://api.spotify.com/v1/artists/4Z8W4fKeB5YxbusRsdQVPb', 'id': '4Z8W4fKeB5YxbusRsdQVPb', 'name': 'Radiohead', 'type': 'artist', 'uri': 'spotify:artist:4Z8W4fKeB5YxbusRsdQVPb'}]",{'spotify': 'https://open.spotify.com/album/0tzfI6NFJqcJkWb23R3lRZ'},https://api.spotify.com/v1/albums/0tzfI6NFJqcJkWb23R3lRZ,0tzfI6NFJqcJkWb23R3lRZ,"[{'height': 640, 'url': 'https://i.scdn.co/image/ab67616d0000b2738dabbbc97ad7194a38e90a21', 'width': 640}, {'height': 300, 'url': 'https://i.scdn.co/image/ab67616d00001e028dabbbc97ad7194a38e90a21', 'width': 300}, {'height': 64, 'url': 'https://i.scdn.co/image/ab67616d000048518dabbbc97ad7194a38e90a21', 'width': 64}]",OK Computer OKNOTOK 1997 2017,2017-06-23,day,23,album,spotify:album:0tzfI6NFJqcJkWb23R3lRZ,23
1,album,album,"[{'external_urls': {'spotify': 'https://open.spotify.com/artist/4Z8W4fKeB5YxbusRsdQVPb'}, 'href': 'https://api.spotify.com/v1/artists/4Z8W4fKeB5YxbusRsdQVPb', 'id': '4Z8W4fKeB5YxbusRsdQVPb', 'name': 'Radiohead', 'type': 'artist', 'uri': 'spotify:artist:4Z8W4fKeB5YxbusRsdQVPb'}]",{'spotify': 'https://open.spotify.com/album/2ix8vWvvSp2Yo7rKMiWpkg'},https://api.spotify.com/v1/albums/2ix8vWvvSp2Yo7rKMiWpkg,2ix8vWvvSp2Yo7rKMiWpkg,"[{'height': 640, 'url': 'https://i.scdn.co/image/ab67616d0000b27345643f5cf119cbc9d2811c22', 'width': 640}, {'height': 300, 'url': 'https://i.scdn.co/image/ab67616d00001e0245643f5cf119cbc9d2811c22', 'width': 300}, {'height': 64, 'url': 'https://i.scdn.co/image/ab67616d0000485145643f5cf119cbc9d2811c22', 'width': 64}]",A Moon Shaped Pool,2016-05-08,day,11,album,spotify:album:2ix8vWvvSp2Yo7rKMiWpkg,11
2,album,album,"[{'external_urls': {'spotify': 'https://open.spotify.com/artist/4Z8W4fKeB5YxbusRsdQVPb'}, 'href': 'https://api.spotify.com/v1/artists/4Z8W4fKeB5YxbusRsdQVPb', 'id': '4Z8W4fKeB5YxbusRsdQVPb', 'name': 'Radiohead', 'type': 'artist', 'uri': 'spotify:artist:4Z8W4fKeB5YxbusRsdQVPb'}]",{'spotify': 'https://open.spotify.com/album/566osTxDsfrtdBxPDMGufx'},https://api.spotify.com/v1/albums/566osTxDsfrtdBxPDMGufx,566osTxDsfrtdBxPDMGufx,"[{'height': 640, 'url': 'https://i.scdn.co/image/ab67616d0000b273256aaad72501b877b3e85682', 'width': 640}, {'height': 300, 'url': 'https://i.scdn.co/image/ab67616d00001e02256aaad72501b877b3e85682', 'width': 300}, {'height': 64, 'url': 'https://i.scdn.co/image/ab67616d00004851256aaad72501b877b3e85682', 'width': 64}]",TKOL RMX 1234567,2011-10-10,day,19,album,spotify:album:566osTxDsfrtdBxPDMGufx,19
3,album,album,"[{'external_urls': {'spotify': 'https://open.spotify.com/artist/4Z8W4fKeB5YxbusRsdQVPb'}, 'href': 'https://api.spotify.com/v1/artists/4Z8W4fKeB5YxbusRsdQVPb', 'id': '4Z8W4fKeB5YxbusRsdQVPb', 'name': 'Radiohead', 'type': 'artist', 'uri': 'spotify:artist:4Z8W4fKeB5YxbusRsdQVPb'}]",{'spotify': 'https://open.spotify.com/album/3P17levwUPzmFfLYdAK3A7'},https://api.spotify.com/v1/albums/3P17levwUPzmFfLYdAK3A7,3P17levwUPzmFfLYdAK3A7,"[{'height': 640, 'url': 'https://i.scdn.co/image/ab67616d0000b273a9be6a9b8b5831a4c431ab9f', 'width': 640}, {'height': 300, 'url': 'https://i.scdn.co/image/ab67616d00001e02a9be6a9b8b5831a4c431ab9f', 'width': 300}, {'height': 64, 'url': 'https://i.scdn.co/image/ab67616d00004851a9be6a9b8b5831a4c431ab9f', 'width': 64}]",The King Of Limbs,2011-02-18,day,8,album,spotify:album:3P17levwUPzmFfLYdAK3A7,8
4,album,album,"[{'external_urls': {'spotify': 'https://open.spotify.com/artist/4Z8W4fKeB5YxbusRsdQVPb'}, 'href': 'https://api.spotify.com/v1/artists/4Z8W4fKeB5YxbusRsdQVPb', 'id': '4Z8W4fKeB5YxbusRsdQVPb', 'name': 'Radiohead', 'type': 'artist', 'uri': 'spotify:artist:4Z8W4fKeB5YxbusRsdQVPb'}]",{'spotify': 'https://open.spotify.com/album/5vkqYmiPBYLaalcmjujWxK'},https://api.spotify.com/v1/albums/5vkqYmiPBYLaalcmjujWxK,5vkqYmiPBYLaalcmjujWxK,"[{'height': 640, 'url': 'https://i.scdn.co/image/ab67616d0000b273de3c04b5fc750b68899b20a9', 'width': 640}, {'height': 300, 'url': 'https://i.scdn.co/image/ab67616d00001e02de3c04b5fc750b68899b20a9', 'width': 300}, {'height': 64, 'url': 'https://i.scdn.co/image/ab67616d00004851de3c04b5fc750b68899b20a9', 'width': 64}]",In Rainbows,2007-12-28,day,10,album,spotify:album:5vkqYmiPBYLaalcmjujWxK,10
5,album,album,"[{'external_urls': {'spotify': 'https://open.spotify.com/artist/4Z8W4fKeB5YxbusRsdQVPb'}, 'href': 'https://api.spotify.com/v1/artists/4Z8W4fKeB5YxbusRsdQVPb', 'id': '4Z8W4fKeB5YxbusRsdQVPb', 'name': 'Radiohead', 'type': 'artist', 'uri': 'spotify:artist:4Z8W4fKeB5YxbusRsdQVPb'}]",{'spotify': 'https://open.spotify.com/album/6zTAW5oRuOmxJuUHhcQope'},https://api.spotify.com/v1/albums/6zTAW5oRuOmxJuUHhcQope,6zTAW5oRuOmxJuUHhcQope,"[{'height': 640, 'url': 'https://i.scdn.co/image/ab67616d0000b2734b88d5c1b3358cca2c94ec0b', 'width': 640}, {'height': 300, 'url': 'https://i.scdn.co/image/ab67616d00001e024b88d5c1b3358cca2c94ec0b', 'width': 300}, {'height': 64, 'url': 'https://i.scdn.co/image/ab67616d000048514b88d5c1b3358cca2c94ec0b', 'width': 64}]",In Rainbows (Disk 2),2007,year,8,album,spotify:album:6zTAW5oRuOmxJuUHhcQope,8
6,album,album,"[{'external_urls': {'spotify': 'https://open.spotify.com/artist/4Z8W4fKeB5YxbusRsdQVPb'}, 'href': 'https://api.spotify.com/v1/artists/4Z8W4fKeB5YxbusRsdQVPb', 'id': '4Z8W4fKeB5YxbusRsdQVPb', 'name': 'Radiohead', 'type': 'artist', 'uri': 'spotify:artist:4Z8W4fKeB5YxbusRsdQVPb'}]",{'spotify': 'https://open.spotify.com/album/5mzoI3VH0ZWk1pLFR6RoYy'},https://api.spotify.com/v1/albums/5mzoI3VH0ZWk1pLFR6RoYy,5mzoI3VH0ZWk1pLFR6RoYy,"[{'height': 640, 'url': 'https://i.scdn.co/image/ab67616d0000b2730da53e8f58e59f28a79c10c7', 'width': 640}, {'height': 300, 'url': 'https://i.scdn.co/image/ab67616d00001e020da53e8f58e59f28a79c10c7', 'width': 300}, {'height': 64, 'url': 'https://i.scdn.co/image/ab67616d000048510da53e8f58e59f28a79c10c7', 'width': 64}]",Hail To the Thief,2003-06-09,day,14,album,spotify:album:5mzoI3VH0ZWk1pLFR6RoYy,14
7,album,album,"[{'external_urls': {'spotify': 'https://open.spotify.com/artist/4Z8W4fKeB5YxbusRsdQVPb'}, 'href': 'https://api.spotify.com/v1/artists/4Z8W4fKeB5YxbusRsdQVPb', 'id': '4Z8W4fKeB5YxbusRsdQVPb', 'name': 'Radiohead', 'type': 'artist', 'uri': 'spotify:artist:4Z8W4fKeB5YxbusRsdQVPb'}]",{'spotify': 'https://open.spotify.com/album/1vdQ5t7iO2gC3OX7j2GFCt'},https://api.spotify.com/v1/albums/1vdQ5t7iO2gC3OX7j2GFCt,1vdQ5t7iO2gC3OX7j2GFCt,"[{'height': 640, 'url': 'https://i.scdn.co/image/ab67616d0000b27305a2f9af5f0eaed4835acf54', 'width': 640}, {'height': 300, 'url': 'https://i.scdn.co/image/ab67616d00001e0205a2f9af5f0eaed4835acf54', 'width': 300}, {'height': 64, 'url': 'https://i.scdn.co/image/ab67616d0000485105a2f9af5f0eaed4835acf54', 'width': 64}]",I Might Be Wrong,2001-11-12,day,8,album,spotify:album:1vdQ5t7iO2gC3OX7j2GFCt,8
8,album,album,"[{'external_urls': {'spotify': 'https://open.spotify.com/artist/4Z8W4fKeB5YxbusRsdQVPb'}, 'href': 'https://api.spotify.com/v1/artists/4Z8W4fKeB5YxbusRsdQVPb', 'id': '4Z8W4fKeB5YxbusRsdQVPb', 'name': 'Radiohead', 'type': 'artist', 'uri': 'spotify:artist:4Z8W4fKeB5YxbusRsdQVPb'}]",{'spotify': 'https://open.spotify.com/album/1HrMmB5useeZ0F5lHrMvl0'},https://api.spotify.com/v1/albums/1HrMmB5useeZ0F5lHrMvl0,1HrMmB5useeZ0F5lHrMvl0,"[{'height': 640, 'url': 'https://i.scdn.co/image/ab67616d0000b27328f27350f766f285000415bf', 'width': 640}, {'height': 300, 'url': 'https://i.scdn.co/image/ab67616d00001e0228f27350f766f285000415bf', 'width': 300}, {'height': 64, 'url': 'https://i.scdn.co/image/ab67616d0000485128f27350f766f285000415bf', 'width': 64}]",Amnesiac,2001-03-12,day,11,album,spotify:album:1HrMmB5useeZ0F5lHrMvl0,11
9,album,album,"[{'external_urls': {'spotify': 'https://open.spotify.com/artist/4Z8W4fKeB5YxbusRsdQVPb'}, 'href': 'https://api.spotify.com/v1/artists/4Z8W4fKeB5YxbusRsdQVPb', 'id': '4Z8W4fKeB5YxbusRsdQVPb', 'name': 'Radiohead', 'type': 'artist', 'uri': 'spotify:artist:4Z8W4fKeB5YxbusRsdQVPb'}]",{'spotify': 'https://open.spotify.com/album/6GjwtEZcfenmOf6l18N7T7'},https://api.spotify.com/v1/albums/6GjwtEZcfenmOf6l18N7T7,6GjwtEZcfenmOf6l18N7T7,"[{'height': 640, 'url': 'https://i.scdn.co/image/ab67616d0000b273674c2b8b77e1e9259a2fcb87', 'width': 640}, {'height': 300, 'url': 'https://i.scdn.co/image/ab67616d00001e02674c2b8b77e1e9259a2fcb87', 'width': 300}, {'height': 64, 'url': 'https://i.scdn.co/image/ab67616d00004851674c2b8b77e1e9259a2fcb87', 'width': 64}]",Kid A,2000-10-02,day,11,album,spotify:album:6GjwtEZcfenmOf6l18N7T7,11
10,album,album,"[{'external_urls': {'spotify': 'https://open.spotify.com/artist/4Z8W4fKeB5YxbusRsdQVPb'}, 'href': 'https://api.spotify.com/v1/artists/4Z8W4fKeB5YxbusRsdQVPb', 'id': '4Z8W4fKeB5YxbusRsdQVPb', 'name': 'Radiohead', 'type': 'artist', 'uri': 'spotify:artist:4Z8W4fKeB5YxbusRsdQVPb'}]",{'spotify': 'https://open.spotify.com/album/6dVIqQ8qmQ5GBnJ9shOYGE'},https://api.spotify.com/v1/albums/6dVIqQ8qmQ5GBnJ9shOYGE,6dVIqQ8qmQ5GBnJ9shOYGE,"[{'height': 640, 'url': 'https://i.scdn.co/image/ab67616d0000b273c8b444df094279e70d0ed856', 'width': 640}, {'height': 300, 'url': 'https://i.scdn.co/image/ab67616d00001e02c8b444df094279e70d0ed856', 'width': 300}, {'height': 64, 'url': 'https://i.scdn.co/image/ab67616d00004851c8b444df094279e70d0ed856', 'width': 64}]",OK Computer,1997-05-28,day,12,album,spotify:album:6dVIqQ8qmQ5GBnJ9shOYGE,12
11,album,album,"[{'external_urls': {'spotify': 'https://open.spotify.com/artist/4Z8W4fKeB5YxbusRsdQVPb'}, 'href': 'https://api.spotify.com/v1/artists/4Z8W4fKeB5YxbusRsdQVPb', 'id': '4Z8W4fKeB5YxbusRsdQVPb', 'name': 'Radiohead', 'type': 'artist', 'uri': 'spotify:artist:4Z8W4fKeB5YxbusRsdQVPb'}]",{'spotify': 'https://open.spotify.com/album/35UJLpClj5EDrhpNIi4DFg'},https://api.spotify.com/v1/albums/35UJLpClj5EDrhpNIi4DFg,35UJLpClj5EDrhpNIi4DFg,"[{'height': 640, 'url': 'https://i.scdn.co/image/ab67616d0000b2739293c743fa542094336c5e12', 'width': 640}, {'height': 300, 'url': 'https://i.scdn.co/image/ab67616d00001e029293c743fa542094336c5e12', 'width': 300}, {'height': 64, 'url': 'https://i.scdn.co/image/ab67616d000048519293c743fa542094336c5e12', 'width': 64}]",The Bends,1995-03-13,day,12,album,spotify:album:35UJLpClj5EDrhpNIi4DFg,12
12,album,album,"[{'external_urls': {'spotify': 'https://open.spotify.com/artist/4Z8W4fKeB5YxbusRsdQVPb'}, 'href': 'https://api.spotify.com/v1/artists/4Z8W4fKeB5YxbusRsdQVPb', 'id': '4Z8W4fKeB5YxbusRsdQVPb', 'name': 'Radiohead', 'type': 'artist', 'uri': 'spotify:artist:4Z8W4fKeB5YxbusRsdQVPb'}]",{'spotify': 'https://open.spotify.com/album/3gBVdu4a1MMJVMy6vwPEb8'},https://api.spotify.com/v1/albums/3gBVdu4a1MMJVMy6vwPEb8,3gBVdu4a1MMJVMy6vwPEb8,"[{'height': 640, 'url': 'https://i.scdn.co/image/ab67616d0000b273df55e326ed144ab4f5cecf95', 'width': 640}, {'height': 300, 'url': 'https://i.scdn.co/image/ab67616d00001e02df55e326ed144ab4f5cecf95', 'width': 300}, {'height': 64, 'url': 'https://i.scdn.co/image/ab67616d00004851df55e326ed144ab4f5cecf95', 'width': 64}]",Pablo Honey,1993-02-22,day,12,album,spotify:album:3gBVdu4a1MMJVMy6vwPEb8,12
13,single,single,"[{'external_urls': {'spotify': 'https://open.spotify.com/artist/4Z8W4fKeB5YxbusRsdQVPb'}, 'href': 'https://api.spotify.com/v1/artists/4Z8W4fKeB5YxbusRsdQVPb', 'id': '4Z8W4fKeB5YxbusRsdQVPb', 'name': 'Radiohead', 'type': 'artist', 'uri': 'spotify:artist:4Z8W4fKeB5YxbusRsdQVPb'}]",{'spotify': 'https://open.spotify.com/album/1EPzf6NnFz2eoixDxTOMbg'},https://api.spotify.com/v1/albums/1EPzf6NnFz2eoixDxTOMbg,1EPzf6NnFz2eoixDxTOMbg,"[{'height': 640, 'url': 'https://i.scdn.co/image/ab67616d0000b27371d7b02a0bbec1a10a88c587', 'width': 640}, {'height': 300, 'url': 'https://i.scdn.co/image/ab67616d00001e0271d7b02a0bbec1a10a88c587', 'width': 300}, {'height': 64, 'url': 'https://i.scdn.co/image/ab67616d0000485171d7b02a0bbec1a10a88c587', 'width': 64}]",Supercollider / The Butcher,2016-11-18,day,2,album,spotify:album:1EPzf6NnFz2eoixDxTOMbg,2
14,single,single,"[{'external_urls': {'spotify': 'https://open.spotify.com/artist/4Z8W4fKeB5YxbusRsdQVPb'}, 'href': 'https://api.spotify.com/v1/artists/4Z8W4fKeB5YxbusRsdQVPb', 'id': '4Z8W4fKeB5YxbusRsdQVPb', 'name': 'Radiohead', 'type': 'artist', 'uri': 'spotify:artist:4Z8W4fKeB5YxbusRsdQVPb'}]",{'spotify': 'https://open.spotify.com/album/03JVw3rc0k5AbGVIIFGtGe'},https://api.spotify.com/v1/albums/03JVw3rc0k5AbGVIIFGtGe,03JVw3rc0k5AbGVIIFGtGe,"[{'height': 640, 'url': 'https://i.scdn.co/image/ab67616d0000b27398e440e72894d9e4dd12f7e4', 'width': 640}, {'height': 300, 'url': 'https://i.scdn.co/image/ab67616d00001e0298e440e72894d9e4dd12f7e4', 'width': 300}, {'height': 64, 'url': 'https://i.scdn.co/image/ab67616d0000485198e440e72894d9e4dd12f7e4', 'width': 64}]",Harry Patch (In Memory Of),2016-11-11,day,1,album,spotify:album:03JVw3rc0k5AbGVIIFGtGe,1
15,single,single,"[{'external_urls': {'spotify': 'https://open.spotify.com/artist/4Z8W4fKeB5YxbusRsdQVPb'}, 'href': 'https://api.spotify.com/v1/artists/4Z8W4fKeB5YxbusRsdQVPb', 'id': '4Z8W4fKeB5YxbusRsdQVPb', 'name': 'Radiohead', 'type': 'artist', 'uri': 'spotify:artist:4Z8W4fKeB5YxbusRsdQVPb'}]",{'spotify': 'https://open.spotify.com/album/7kbhOOk0mAzdy3NukjeoXF'},https://api.spotify.com/v1/albums/7kbhOOk0mAzdy3NukjeoXF,7kbhOOk0mAzdy3NukjeoXF,"[{'height': 640, 'url': 'https://i.scdn.co/image/ab67616d0000b27329714d4269c664e606a3050b', 'width': 640}, {'height': 300, 'url': 'https://i.scdn.co/image/ab67616d00001e0229714d4269c664e606a3050b', 'width': 300}, {'height': 64, 'url': 'https://i.scdn.co/image/ab67616d0000485129714d4269c664e606a3050b', 'width': 64}]",Spectre,2016-05-16,day,1,album,spotify:album:7kbhOOk0mAzdy3NukjeoXF,1
16,single,single,"[{'external_urls': {'spotify': 'https://open.spotify.com/artist/4Z8W4fKeB5YxbusRsdQVPb'}, 'href': 'https://api.spotify.com/v1/artists/4Z8W4fKeB5YxbusRsdQVPb', 'id': '4Z8W4fKeB5YxbusRsdQVPb', 'name': 'Radiohead', 'type': 'artist', 'uri': 'spotify:artist:4Z8W4fKeB5YxbusRsdQVPb'}]",{'spotify': 'https://open.spotify.com/album/62tg0OzUmgWC17mQF611qu'},https://api.spotify.com/v1/albums/62tg0OzUmgWC17mQF611qu,62tg0OzUmgWC17mQF611qu,"[{'height': 640, 'url': 'https://i.scdn.co/image/ab67616d0000b273eecd3a7ee08e329e6468f21a', 'width': 640}, {'height': 300, 'url': 'https://i.scdn.co/image/ab67616d00001e02eecd3a7ee08e329e6468f21a', 'width': 300}, {'height': 64, 'url': 'https://i.scdn.co/image/ab67616d00004851eecd3a7ee08e329e6468f21a', 'width': 64}]",Daydreaming,2016-05-06,day,1,album,spotify:album:62tg0OzUmgWC17mQF611qu,1
17,single,single,"[{'external_urls': {'spotify': 'https://open.spotify.com/artist/4Z8W4fKeB5YxbusRsdQVPb'}, 'href': 'https://api.spotify.com/v1/artists/4Z8W4fKeB5YxbusRsdQVPb', 'id': '4Z8W4fKeB5YxbusRsdQVPb', 'name': 'Radiohead', 'type': 'artist', 'uri': 'spotify:artist:4Z8W4fKeB5YxbusRsdQVPb'}]",{'spotify': 'https://open.spotify.com/album/27Q0co2HcWQHrXffvt2GkI'},https://api.spotify.com/v1/albums/27Q0co2HcWQHrXffvt2GkI,27Q0co2HcWQHrXffvt2GkI,"[{'height': 640, 'url': 'https://i.scdn.co/image/ab67616d0000b273faffb14a464b3548703ccdc7', 'width': 640}, {'height': 300, 'url': 'https://i.scdn.co/image/ab67616d00001e02faffb14a464b3548703ccdc7', 'width': 300}, {'height': 64, 'url': 'https://i.scdn.co/image/ab67616d00004851faffb14a464b3548703ccdc7', 'width': 64}]",Daydreaming,2016-05-06,day,1,album,spotify:album:27Q0co2HcWQHrXffvt2GkI,1
18,single,single,"[{'external_urls': {'spotify': 'https://open.spotify.com/artist/4Z8W4fKeB5YxbusRsdQVPb'}, 'href': 'https://api.spotify.com/v1/artists/4Z8W4fKeB5YxbusRsdQVPb', 'id': '4Z8W4fKeB5YxbusRsdQVPb', 'name': 'Radiohead', 'type': 'artist', 'uri': 'spotify:artist:4Z8W4fKeB5YxbusRsdQVPb'}]",{'spotify': 'https://open.spotify.com/album/0S89GcLQ3o1CxOa0tEhfF6'},https://api.spotify.com/v1/albums/0S89GcLQ3o1CxOa0tEhfF6,0S89GcLQ3o1CxOa0tEhfF6,"[{'height': 640, 'url': 'https://i.scdn.co/image/ab67616d0000b2739c1e72b06e426fa51e07ddb0', 'width': 640}, {'height': 300, 'url': 'https://i.scdn.co/image/ab67616d00001e029c1e72b06e426fa51e07ddb0', 'width': 300}, {'height': 64, 'url': 'https://i.scdn.co/image/ab67616d000048519c1e72b06e426fa51e07ddb0', 'width': 64}]",Burn the Witch,2016-05-04,day,1,album,spotify:album:0S89GcLQ3o1CxOa0tEhfF6,1
19,single,single,"[{'external_urls': {'spotify': 'https://open.spotify.com/artist/4Z8W4fKeB5YxbusRsdQVPb'}, 'href': 'https://api.spotify.com/v1/artists/4Z8W4fKeB5YxbusRsdQVPb', 'id': '4Z8W4fKeB5YxbusRsdQVPb', 'name': 'Radiohead', 'type': 'artist', 'uri': 'spotify:artist:4Z8W4fKeB5YxbusRsdQVPb'}]",{'spotify': 'https://open.spotify.com/album/6t9JaTDnrHxk67HDTJqxDQ'},https://api.spotify.com/v1/albums/6t9JaTDnrHxk67HDTJqxDQ,6t9JaTDnrHxk67HDTJqxDQ,"[{'height': 640, 'url': 'https://i.scdn.co/image/ab67616d0000b273f5af25929676113d476a18bc', 'width': 640}, {'height': 300, 'url': 'https://i.scdn.co/image/ab67616d00001e02f5af25929676113d476a18bc', 'width': 300}, {'height': 64, 'url': 'https://i.scdn.co/image/ab67616d00004851f5af25929676113d476a18bc', 'width': 64}]",Burn the Witch,2016-05-04,day,1,album,spotify:album:6t9JaTDnrHxk67HDTJqxDQ,1
20,single,single,"[{'external_urls': {'spotify': 'https://open.spotify.com/artist/4Z8W4fKeB5YxbusRsdQVPb'}, 'href': 'https://api.spotify.com/v1/artists/4Z8W4fKeB5YxbusRsdQVPb', 'id': '4Z8W4fKeB5YxbusRsdQVPb', 'name': 'Radiohead', 'type': 'artist', 'uri': 'spotify:artist:4Z8W4fKeB5YxbusRsdQVPb'}]",{'spotify': 'https://open.spotify.com/album/6JE7Xs3YJNAHCggVHZNRjR'},https://api.spotify.com/v1/albums/6JE7Xs3YJNAHCggVHZNRjR,6JE7Xs3YJNAHCggVHZNRjR,"[{'height': 640, 'url': 'https://i.scdn.co/image/ab67616d0000b27314b2f776193eaa1978ee4150', 'width': 640}, {'height': 300, 'url': 'https://i.scdn.co/image/ab67616d00001e0214b2f776193eaa1978ee4150', 'width': 300}, {'height': 64, 'url': 'https://i.scdn.co/image/ab67616d0000485114b2f776193eaa1978ee4150', 'width': 64}]",Ill Wind,2016,year,1,album,spotify:album:6JE7Xs3YJNAHCggVHZNRjR,1
21,single,single,"[{'external_urls': {'spotify': 'https://open.spotify.com/artist/4Z8W4fKeB5YxbusRsdQVPb'}, 'href': 'https://api.spotify.com/v1/artists/4Z8W4fKeB5YxbusRsdQVPb', 'id': '4Z8W4fKeB5YxbusRsdQVPb', 'name': 'Radiohead', 'type': 'artist', 'uri': 'spotify:artist:4Z8W4fKeB5YxbusRsdQVPb'}]",{'spotify': 'https://open.spotify.com/album/1tzOmGx4BW3NwLwnCzYfCR'},https://api.spotify.com/v1/albums/1tzOmGx4BW3NwLwnCzYfCR,1tzOmGx4BW3NwLwnCzYfCR,"[{'height': 640, 'url': 'https://i.scdn.co/image/ab67616d0000b273e10d5e8fe2fcf59ddbc92fc2', 'width': 640}, {'height': 300, 'url': 'https://i.scdn.co/image/ab67616d00001e02e10d5e8fe2fcf59ddbc92fc2', 'width': 300}, {'height': 64, 'url': 'https://i.scdn.co/image/ab67616d00004851e10d5e8fe2fcf59ddbc92fc2', 'width': 64}]",The Daily Mail / Staircase,2011-12-19,day,2,album,spotify:album:1tzOmGx4BW3NwLwnCzYfCR,2
22,single,single,"[{'external_urls': {'spotify': 'https://open.spotify.com/artist/4Z8W4fKeB5YxbusRsdQVPb'}, 'href': 'https://api.spotify.com/v1/artists/4Z8W4fKeB5YxbusRsdQVPb', 'id': '4Z8W4fKeB5YxbusRsdQVPb', 'name': 'Radiohead', 'type': 'artist', 'uri': 'spotify:artist:4Z8W4fKeB5YxbusRsdQVPb'}]",{'spotify': 'https://open.spotify.com/album/0lxJjvbbikKyKdvoncI2Vu'},https://api.spotify.com/v1/albums/0lxJjvbbikKyKdvoncI2Vu,0lxJjvbbikKyKdvoncI2Vu,"[{'height': 640, 'url': 'https://i.scdn.co/image/ab67616d0000b273980f28d6fb0ea25981427bca', 'width': 640}, {'height': 300, 'url': 'https://i.scdn.co/image/ab67616d00001e02980f28d6fb0ea25981427bca', 'width': 300}, {'height': 64, 'url': 'https://i.scdn.co/image/ab67616d00004851980f28d6fb0ea25981427bca', 'width': 64}]",TKOL RMX 8,2011-11-18,day,3,album,spotify:album:0lxJjvbbikKyKdvoncI2Vu,3
23,single,single,"[{'external_urls': {'spotify': 'https://open.spotify.com/artist/4Z8W4fKeB5YxbusRsdQVPb'}, 'href': 'https://api.spotify.com/v1/artists/4Z8W4fKeB5YxbusRsdQVPb', 'id': '4Z8W4fKeB5YxbusRsdQVPb', 'name': 'Radiohead', 'type': 'artist', 'uri': 'spotify:artist:4Z8W4fKeB5YxbusRsdQVPb'}]",{'spotify': 'https://open.spotify.com/album/1HWjOfwMxZRD26wHWmY0bg'},https://api.spotify.com/v1/albums/1HWjOfwMxZRD26wHWmY0bg,1HWjOfwMxZRD26wHWmY0bg,"[{'height': 640, 'url': 'https://i.scdn.co/image/ab67616d0000b27335d8b07eb1417c720838cbd3', 'width': 640}, {'height': 300, 'url': 'https://i.scdn.co/image/ab67616d00001e0235d8b07eb1417c720838cbd3', 'width': 300}, {'height': 64, 'url': 'https://i.scdn.co/image/ab67616d0000485135d8b07eb1417c720838cbd3', 'width': 64}]",These Are My Twisted Words,2009,year,1,album,spotify:album:1HWjOfwMxZRD26wHWmY0bg,1
24,single,single,"[{'external_urls': {'spotify': 'https://open.spotify.com/artist/4Z8W4fKeB5YxbusRsdQVPb'}, 'href': 'https://api.spotify.com/v1/artists/4Z8W4fKeB5YxbusRsdQVPb', 'id': '4Z8W4fKeB5YxbusRsdQVPb', 'name': 'Radiohead', 'type': 'artist', 'uri': 'spotify:artist:4Z8W4fKeB5YxbusRsdQVPb'}]",{'spotify': 'https://open.spotify.com/album/7ghGxwdt6QRfQfZkbZSJ76'},https://api.spotify.com/v1/albums/7ghGxwdt6QRfQfZkbZSJ76,7ghGxwdt6QRfQfZkbZSJ76,"[{'height': 640, 'url': 'https://i.scdn.co/image/ab67616d0000b273785bf6398b87fc654e208134', 'width': 640}, {'height': 300, 'url': 'https://i.scdn.co/image/ab67616d00001e02785bf6398b87fc654e208134', 'width': 300}, {'height': 64, 'url': 'https://i.scdn.co/image/ab67616d00004851785bf6398b87fc654e208134', 'width': 64}]",I Want None of This,2005-09-09,day,1,album,spotify:album:7ghGxwdt6QRfQfZkbZSJ76,1
25,single,single,"[{'external_urls': {'spotify': 'https://open.spotify.com/artist/4Z8W4fKeB5YxbusRsdQVPb'}, 'href': 'https://api.spotify.com/v1/artists/4Z8W4fKeB5YxbusRsdQVPb', 'id': '4Z8W4fKeB5YxbusRsdQVPb', 'name': 'Radiohead', 'type': 'artist', 'uri': 'spotify:artist:4Z8W4fKeB5YxbusRsdQVPb'}]",{'spotify': 'https://open.spotify.com/album/5FI5652iVfs27I7zueBt6l'},https://api.spotify.com/v1/albums/5FI5652iVfs27I7zueBt6l,5FI5652iVfs27I7zueBt6l,"[{'height': 640, 'url': 'https://i.scdn.co/image/ab67616d0000b273b528dcefc93df0ab81ab66e4', 'width': 640}, {'height': 300, 'url': 'https://i.scdn.co/image/ab67616d00001e02b528dcefc93df0ab81ab66e4', 'width': 300}, {'height': 64, 'url': 'https://i.scdn.co/image/ab67616d00004851b528dcefc93df0ab81ab66e4', 'width': 64}]",Com Lag: 2+2=5,2004-03-24,day,10,album,spotify:album:5FI5652iVfs27I7zueBt6l,10
26,single,single,"[{'external_urls': {'spotify': 'https://open.spotify.com/artist/4Z8W4fKeB5YxbusRsdQVPb'}, 'href': 'https://api.spotify.com/v1/artists/4Z8W4fKeB5YxbusRsdQVPb', 'id': '4Z8W4fKeB5YxbusRsdQVPb', 'name': 'Radiohead', 'type': 'artist', 'uri': 'spotify:artist:4Z8W4fKeB5YxbusRsdQVPb'}]",{'spotify': 'https://open.spotify.com/album/3M1rKMLBUL3ByhUG8srnVx'},https://api.spotify.com/v1/albums/3M1rKMLBUL3ByhUG8srnVx,3M1rKMLBUL3ByhUG8srnVx,"[{'height': 640, 'url': 'https://i.scdn.co/image/ab67616d0000b2737cba65d558f69f05d6d46d30', 'width': 640}, {'height': 300, 'url': 'https://i.scdn.co/image/ab67616d00001e027cba65d558f69f05d6d46d30', 'width': 300}, {'height': 64, 'url': 'https://i.scdn.co/image/ab67616d000048517cba65d558f69f05d6d46d30', 'width': 64}]",The Gloaming (The 33.33333 Remix),2003-08-18,day,1,album,spotify:album:3M1rKMLBUL3ByhUG8srnVx,1
27,single,single,"[{'external_urls': {'spotify': 'https://open.spotify.com/artist/4Z8W4fKeB5YxbusRsdQVPb'}, 'href': 'https://api.spotify.com/v1/artists/4Z8W4fKeB5YxbusRsdQVPb', 'id': '4Z8W4fKeB5YxbusRsdQVPb', 'name': 'Radiohead', 'type': 'artist', 'uri': 'spotify:artist:4Z8W4fKeB5YxbusRsdQVPb'}]",{'spotify': 'https://open.spotify.com/album/0UdwSRhHBXNG0EGulH41ls'},https://api.spotify.com/v1/albums/0UdwSRhHBXNG0EGulH41ls,0UdwSRhHBXNG0EGulH41ls,"[{'height': 640, 'url': 'https://i.scdn.co/image/ab67616d0000b27367133b39cbb5ccc3aacd78fc', 'width': 640}, {'height': 300, 'url': 'https://i.scdn.co/image/ab67616d00001e0267133b39cbb5ccc3aacd78fc', 'width': 300}, {'height': 64, 'url': 'https://i.scdn.co/image/ab67616d0000485167133b39cbb5ccc3aacd78fc', 'width': 64}]",Knives Out,2001-08-06,day,5,album,spotify:album:0UdwSRhHBXNG0EGulH41ls,5
28,single,single,"[{'external_urls': {'spotify': 'https://open.spotify.com/artist/4Z8W4fKeB5YxbusRsdQVPb'}, 'href': 'https://api.spotify.com/v1/artists/4Z8W4fKeB5YxbusRsdQVPb', 'id': '4Z8W4fKeB5YxbusRsdQVPb', 'name': 'Radiohead', 'type': 'artist', 'uri': 'spotify:artist:4Z8W4fKeB5YxbusRsdQVPb'}]",{'spotify': 'https://open.spotify.com/album/6aYOvzWaJHy63Oxn0dA7PX'},https://api.spotify.com/v1/albums/6aYOvzWaJHy63Oxn0dA7PX,6aYOvzWaJHy63Oxn0dA7PX,"[{'height': 640, 'url': 'https://i.scdn.co/image/ab67616d0000b273825b8c9d992c3691f36844ab', 'width': 640}, {'height': 300, 'url': 'https://i.scdn.co/image/ab67616d00001e02825b8c9d992c3691f36844ab', 'width': 300}, {'height': 64, 'url': 'https://i.scdn.co/image/ab67616d00004851825b8c9d992c3691f36844ab', 'width': 64}]",Pyramid Song,2001-05-21,day,5,album,spotify:album:6aYOvzWaJHy63Oxn0dA7PX,5
29,single,single,"[{'external_urls': {'spotify': 'https://open.spotify.com/artist/4Z8W4fKeB5YxbusRsdQVPb'}, 'href': 'https://api.spotify.com/v1/artists/4Z8W4fKeB5YxbusRsdQVPb', 'id': '4Z8W4fKeB5YxbusRsdQVPb', 'name': 'Radiohead', 'type': 'artist', 'uri': 'spotify:artist:4Z8W4fKeB5YxbusRsdQVPb'}]",{'spotify': 'https://open.spotify.com/album/4cCVaNhixlrltkE1ef4Cc1'},https://api.spotify.com/v1/albums/4cCVaNhixlrltkE1ef4Cc1,4cCVaNhixlrltkE1ef4Cc1,"[{'height': 640, 'url': 'https://i.scdn.co/image/ab67616d0000b2732c2f22add7177e72faee2d2f', 'width': 640}, {'height': 300, 'url': 'https://i.scdn.co/image/ab67616d00001e022c2f22add7177e72faee2d2f', 'width': 300}, {'height': 64, 'url': 'https://i.scdn.co/image/ab67616d000048512c2f22add7177e72faee2d2f', 'width': 64}]",Treefingers (Extended Version),2000-10-02,day,1,album,spotify:album:4cCVaNhixlrltkE1ef4Cc1,1
30,single,single,"[{'external_urls': {'spotify': 'https://open.spotify.com/artist/4Z8W4fKeB5YxbusRsdQVPb'}, 'href': 'https://api.spotify.com/v1/artists/4Z8W4fKeB5YxbusRsdQVPb', 'id': '4Z8W4fKeB5YxbusRsdQVPb', 'name': 'Radiohead', 'type': 'artist', 'uri': 'spotify:artist:4Z8W4fKeB5YxbusRsdQVPb'}]",{'spotify': 'https://open.spotify.com/album/4IUjCg0H2fJknfSG2uGoTa'},https://api.spotify.com/v1/albums/4IUjCg0H2fJknfSG2uGoTa,4IUjCg0H2fJknfSG2uGoTa,"[{'height': 640, 'url': 'https://i.scdn.co/image/ab67616d0000b2730b95a3a66b522b69af99e4b3', 'width': 640}, {'height': 300, 'url': 'https://i.scdn.co/image/ab67616d00001e020b95a3a66b522b69af99e4b3', 'width': 300}, {'height': 64, 'url': 'https://i.scdn.co/image/ab67616d000048510b95a3a66b522b69af99e4b3', 'width': 64}]",No Surprises,1998-01-12,day,3,album,spotify:album:4IUjCg0H2fJknfSG2uGoTa,3
31,single,single,"[{'external_urls': {'spotify': 'https://open.spotify.com/artist/4Z8W4fKeB5YxbusRsdQVPb'}, 'href': 'https://api.spotify.com/v1/artists/4Z8W4fKeB5YxbusRsdQVPb', 'id': '4Z8W4fKeB5YxbusRsdQVPb', 'name': 'Radiohead', 'type': 'artist', 'uri': 'spotify:artist:4Z8W4fKeB5YxbusRsdQVPb'}]",{'spotify': 'https://open.spotify.com/album/4jRXvY6sq0s4otFU4pAWoV'},https://api.spotify.com/v1/albums/4jRXvY6sq0s4otFU4pAWoV,4jRXvY6sq0s4otFU4pAWoV,"[{'height': 640, 'url': 'https://i.scdn.co/image/ab67616d0000b2733a975c49f951a661b30b6677', 'width': 640}, {'height': 300, 'url': 'https://i.scdn.co/image/ab67616d00001e023a975c49f951a661b30b6677', 'width': 300}, {'height': 64, 'url': 'https://i.scdn.co/image/ab67616d000048513a975c49f951a661b30b6677', 'width': 64}]",Karma Police,1997-08-25,day,5,album,spotify:album:4jRXvY6sq0s4otFU4pAWoV,5
32,single,single,"[{'external_urls': {'spotify': 'https://open.spotify.com/artist/4Z8W4fKeB5YxbusRsdQVPb'}, 'href': 'https://api.spotify.com/v1/artists/4Z8W4fKeB5YxbusRsdQVPb', 'id': '4Z8W4fKeB5YxbusRsdQVPb', 'name': 'Radiohead', 'type': 'artist', 'uri': 'spotify:artist:4Z8W4fKeB5YxbusRsdQVPb'}]",{'spotify': 'https://open.spotify.com/album/4f98MipxrgDWhK5ogjcWBA'},https://api.spotify.com/v1/albums/4f98MipxrgDWhK5ogjcWBA,4f98MipxrgDWhK5ogjcWBA,"[{'height': 640, 'url': 'https://i.scdn.co/image/ab67616d0000b27315c9cdb7c482f16a59a356a8', 'width': 640}, {'height': 300, 'url': 'https://i.scdn.co/image/ab67616d00001e0215c9cdb7c482f16a59a356a8', 'width': 300}, {'height': 64, 'url': 'https://i.scdn.co/image/ab67616d0000485115c9cdb7c482f16a59a356a8', 'width': 64}]",Paranoid Android,1997-05-26,day,6,album,spotify:album:4f98MipxrgDWhK5ogjcWBA,6
33,single,single,"[{'external_urls': {'spotify': 'https://open.spotify.com/artist/4Z8W4fKeB5YxbusRsdQVPb'}, 'href': 'https://api.spotify.com/v1/artists/4Z8W4fKeB5YxbusRsdQVPb', 'id': '4Z8W4fKeB5YxbusRsdQVPb', 'name': 'Radiohead', 'type': 'artist', 'uri': 'spotify:artist:4Z8W4fKeB5YxbusRsdQVPb'}]",{'spotify': 'https://open.spotify.com/album/4vi0SRI5xE2rTt2XStFMD6'},https://api.spotify.com/v1/albums/4vi0SRI5xE2rTt2XStFMD6,4vi0SRI5xE2rTt2XStFMD6,"[{'height': 640, 'url': 'https://i.scdn.co/image/ab67616d0000b273bf9191fd93d3ff4110009c0e', 'width': 640}, {'height': 300, 'url': 'https://i.scdn.co/image/ab67616d00001e02bf9191fd93d3ff4110009c0e', 'width': 300}, {'height': 64, 'url': 'https://i.scdn.co/image/ab67616d00004851bf9191fd93d3ff4110009c0e', 'width': 64}]",Talk Show Host (Nellee Hooper Mix),1996-10-29,day,1,album,spotify:album:4vi0SRI5xE2rTt2XStFMD6,1
34,single,single,"[{'external_urls': {'spotify': 'https://open.spotify.com/artist/4Z8W4fKeB5YxbusRsdQVPb'}, 'href': 'https://api.spotify.com/v1/artists/4Z8W4fKeB5YxbusRsdQVPb', 'id': '4Z8W4fKeB5YxbusRsdQVPb', 'name': 'Radiohead', 'type': 'artist', 'uri': 'spotify:artist:4Z8W4fKeB5YxbusRsdQVPb'}]",{'spotify': 'https://open.spotify.com/album/23wLaTvnMb3pSb3uxnQE3E'},https://api.spotify.com/v1/albums/23wLaTvnMb3pSb3uxnQE3E,23wLaTvnMb3pSb3uxnQE3E,"[{'height': 640, 'url': 'https://i.scdn.co/image/ab67616d0000b27380f1bea10ba89848739f638c', 'width': 640}, {'height': 300, 'url': 'https://i.scdn.co/image/ab67616d00001e0280f1bea10ba89848739f638c', 'width': 300}, {'height': 64, 'url': 'https://i.scdn.co/image/ab67616d0000485180f1bea10ba89848739f638c', 'width': 64}]",Street Spirit (Fade Out),1996-01-22,day,5,album,spotify:album:23wLaTvnMb3pSb3uxnQE3E,5
35,single,single,"[{'external_urls': {'spotify': 'https://open.spotify.com/artist/4Z8W4fKeB5YxbusRsdQVPb'}, 'href': 'https://api.spotify.com/v1/artists/4Z8W4fKeB5YxbusRsdQVPb', 'id': '4Z8W4fKeB5YxbusRsdQVPb', 'name': 'Radiohead', 'type': 'artist', 'uri': 'spotify:artist:4Z8W4fKeB5YxbusRsdQVPb'}]",{'spotify': 'https://open.spotify.com/album/5yaewxpQyllr4cdZXDCjP4'},https://api.spotify.com/v1/albums/5yaewxpQyllr4cdZXDCjP4,5yaewxpQyllr4cdZXDCjP4,"[{'height': 640, 'url': 'https://i.scdn.co/image/ab67616d0000b273119a3dfbdaa221da76cdf521', 'width': 640}, {'height': 300, 'url': 'https://i.scdn.co/image/ab67616d00001e02119a3dfbdaa221da76cdf521', 'width': 300}, {'height': 64, 'url': 'https://i.scdn.co/image/ab67616d00004851119a3dfbdaa221da76cdf521', 'width': 64}]",Just,1995-08-07,day,3,album,spotify:album:5yaewxpQyllr4cdZXDCjP4,3
36,single,single,"[{'external_urls': {'spotify': 'https://open.spotify.com/artist/4Z8W4fKeB5YxbusRsdQVPb'}, 'href': 'https://api.spotify.com/v1/artists/4Z8W4fKeB5YxbusRsdQVPb', 'id': '4Z8W4fKeB5YxbusRsdQVPb', 'name': 'Radiohead', 'type': 'artist', 'uri': 'spotify:artist:4Z8W4fKeB5YxbusRsdQVPb'}]",{'spotify': 'https://open.spotify.com/album/1Kv1QDrvDeGs2t2sR64pjN'},https://api.spotify.com/v1/albums/1Kv1QDrvDeGs2t2sR64pjN,1Kv1QDrvDeGs2t2sR64pjN,"[{'height': 640, 'url': 'https://i.scdn.co/image/ab67616d0000b273af4774256c2c61bc7dfe788d', 'width': 640}, {'height': 300, 'url': 'https://i.scdn.co/image/ab67616d00001e02af4774256c2c61bc7dfe788d', 'width': 300}, {'height': 64, 'url': 'https://i.scdn.co/image/ab67616d00004851af4774256c2c61bc7dfe788d', 'width': 64}]",Fake Plastic Trees,1995-05-15,day,3,album,spotify:album:1Kv1QDrvDeGs2t2sR64pjN,3
37,single,single,"[{'external_urls': {'spotify': 'https://open.spotify.com/artist/4Z8W4fKeB5YxbusRsdQVPb'}, 'href': 'https://api.spotify.com/v1/artists/4Z8W4fKeB5YxbusRsdQVPb', 'id': '4Z8W4fKeB5YxbusRsdQVPb', 'name': 'Radiohead', 'type': 'artist', 'uri': 'spotify:artist:4Z8W4fKeB5YxbusRsdQVPb'}]",{'spotify': 'https://open.spotify.com/album/5vldPxf0zDeF3S7U3WURJ4'},https://api.spotify.com/v1/albums/5vldPxf0zDeF3S7U3WURJ4,5vldPxf0zDeF3S7U3WURJ4,"[{'height': 640, 'url': 'https://i.scdn.co/image/ab67616d0000b2731d355085a6ca11a04131f24b', 'width': 640}, {'height': 300, 'url': 'https://i.scdn.co/image/ab67616d00001e021d355085a6ca11a04131f24b', 'width': 300}, {'height': 64, 'url': 'https://i.scdn.co/image/ab67616d000048511d355085a6ca11a04131f24b', 'width': 64}]",High & Dry / Planet Telex,1995-02-27,day,6,album,spotify:album:5vldPxf0zDeF3S7U3WURJ4,6
38,single,single,"[{'external_urls': {'spotify': 'https://open.spotify.com/artist/4Z8W4fKeB5YxbusRsdQVPb'}, 'href': 'https://api.spotify.com/v1/artists/4Z8W4fKeB5YxbusRsdQVPb', 'id': '4Z8W4fKeB5YxbusRsdQVPb', 'name': 'Radiohead', 'type': 'artist', 'uri': 'spotify:artist:4Z8W4fKeB5YxbusRsdQVPb'}]",{'spotify': 'https://open.spotify.com/album/4GqinDAWUcJ20wfCaie6f8'},https://api.spotify.com/v1/albums/4GqinDAWUcJ20wfCaie6f8,4GqinDAWUcJ20wfCaie6f8,"[{'height': 640, 'url': 'https://i.scdn.co/image/ab67616d0000b2735ce0d9b5b9cfd68ba3b9dda3', 'width': 640}, {'height': 300, 'url': 'https://i.scdn.co/image/ab67616d00001e025ce0d9b5b9cfd68ba3b9dda3', 'width': 300}, {'height': 64, 'url': 'https://i.scdn.co/image/ab67616d000048515ce0d9b5b9cfd68ba3b9dda3', 'width': 64}]",My Iron Lung,1994-09-26,day,7,album,spotify:album:4GqinDAWUcJ20wfCaie6f8,7
39,single,single,"[{'external_urls': {'spotify': 'https://open.spotify.com/artist/4Z8W4fKeB5YxbusRsdQVPb'}, 'href': 'https://api.spotify.com/v1/artists/4Z8W4fKeB5YxbusRsdQVPb', 'id': '4Z8W4fKeB5YxbusRsdQVPb', 'name': 'Radiohead', 'type': 'artist', 'uri': 'spotify:artist:4Z8W4fKeB5YxbusRsdQVPb'}]",{'spotify': 'https://open.spotify.com/album/37v03kt4FbojREz2VOg4BN'},https://api.spotify.com/v1/albums/37v03kt4FbojREz2VOg4BN,37v03kt4FbojREz2VOg4BN,"[{'height': 640, 'url': 'https://i.scdn.co/image/ab67616d0000b2736c60e0a61c173b0aa18644f7', 'width': 640}, {'height': 300, 'url': 'https://i.scdn.co/image/ab67616d00001e026c60e0a61c173b0aa18644f7', 'width': 300}, {'height': 64, 'url': 'https://i.scdn.co/image/ab67616d000048516c60e0a61c173b0aa18644f7', 'width': 64}]",Anyone Can Play Guitar,1993-01-25,day,3,album,spotify:album:37v03kt4FbojREz2VOg4BN,3
40,single,single,"[{'external_urls': {'spotify': 'https://open.spotify.com/artist/4Z8W4fKeB5YxbusRsdQVPb'}, 'href': 'https://api.spotify.com/v1/artists/4Z8W4fKeB5YxbusRsdQVPb', 'id': '4Z8W4fKeB5YxbusRsdQVPb', 'name': 'Radiohead', 'type': 'artist', 'uri': 'spotify:artist:4Z8W4fKeB5YxbusRsdQVPb'}]",{'spotify': 'https://open.spotify.com/album/3RQlNKc08ikcuFmbg0luEw'},https://api.spotify.com/v1/albums/3RQlNKc08ikcuFmbg0luEw,3RQlNKc08ikcuFmbg0luEw,"[{'height': 640, 'url': 'https://i.scdn.co/image/ab67616d0000b273c57e91572983a7cdb724d992', 'width': 640}, {'height': 300, 'url': 'https://i.scdn.co/image/ab67616d00001e02c57e91572983a7cdb724d992', 'width': 300}, {'height': 64, 'url': 'https://i.scdn.co/image/ab67616d00004851c57e91572983a7cdb724d992', 'width': 64}]",Creep,1992-09-21,day,5,album,spotify:album:3RQlNKc08ikcuFmbg0luEw,5
41,single,single,"[{'external_urls': {'spotify': 'https://open.spotify.com/artist/4Z8W4fKeB5YxbusRsdQVPb'}, 'href': 'https://api.spotify.com/v1/artists/4Z8W4fKeB5YxbusRsdQVPb', 'id': '4Z8W4fKeB5YxbusRsdQVPb', 'name': 'Radiohead', 'type': 'artist', 'uri': 'spotify:artist:4Z8W4fKeB5YxbusRsdQVPb'}]",{'spotify': 'https://open.spotify.com/album/2EUUCdjvEujOc0E3X6yAEr'},https://api.spotify.com/v1/albums/2EUUCdjvEujOc0E3X6yAEr,2EUUCdjvEujOc0E3X6yAEr,"[{'height': 640, 'url': 'https://i.scdn.co/image/ab67616d0000b273bfb55c07acf047dc5b537b1c', 'width': 640}, {'height': 300, 'url': 'https://i.scdn.co/image/ab67616d00001e02bfb55c07acf047dc5b537b1c', 'width': 300}, {'height': 64, 'url': 'https://i.scdn.co/image/ab67616d00004851bfb55c07acf047dc5b537b1c', 'width': 64}]",Drill EP,1992-05-05,day,4,album,spotify:album:2EUUCdjvEujOc0E3X6yAEr,4
42,appears_on,album,"[{'external_urls': {'spotify': 'https://open.spotify.com/artist/7zrkALJ9ayRjzysp4QYoEg'}, 'href': 'https://api.spotify.com/v1/artists/7zrkALJ9ayRjzysp4QYoEg', 'id': '7zrkALJ9ayRjzysp4QYoEg', 'name': 'Maribou State', 'type': 'artist', 'uri': 'spotify:artist:7zrkALJ9ayRjzysp4QYoEg'}]",{'spotify': 'https://open.spotify.com/album/132x7s5otIdXjWqQqA0S4O'},https://api.spotify.com/v1/albums/132x7s5otIdXjWqQqA0S4O,132x7s5otIdXjWqQqA0S4O,"[{'height': 640, 'url': 'https://i.scdn.co/image/ab67616d0000b2739b30b4801056a67f1b198c94', 'width': 640}, {'height': 300, 'url': 'https://i.scdn.co/image/ab67616d00001e029b30b4801056a67f1b198c94', 'width': 300}, {'height': 64, 'url': 'https://i.scdn.co/image/ab67616d000048519b30b4801056a67f1b198c94', 'width': 64}]",fabric presents Maribou State (DJ Mix),2020-03-27,day,22,album,spotify:album:132x7s5otIdXjWqQqA0S4O,1
43,appears_on,compilation,"[{'external_urls': {'spotify': 'https://open.spotify.com/artist/0LyfQWJT6nXafLPZqxe9Of'}, 'href': 'https://api.spotify.com/v1/artists/0LyfQWJT6nXafLPZqxe9Of', 'id': '0LyfQWJT6nXafLPZqxe9Of', 'name': 'Various Artists', 'type': 'artist', 'uri': 'spotify:artist:0LyfQWJT6nXafLPZqxe9Of'}]",{'spotify': 'https://open.spotify.com/album/5505vc2t7GQwdpF5nUVB2s'},https://api.spotify.com/v1/albums/5505vc2t7GQwdpF5nUVB2s,5505vc2t7GQwdpF5nUVB2s,"[{'height': 640, 'url': 'https://i.scdn.co/image/ab67616d0000b2736ff9745d7e2e52a77801c327', 'width': 640}, {'height': 300, 'url': 'https://i.scdn.co/image/ab67616d00001e026ff9745d7e2e52a77801c327', 'width': 300}, {'height': 64, 'url': 'https://i.scdn.co/image/ab67616d000048516ff9745d7e2e52a77801c327', 'width': 64}]",Jan Douwe Kroeske presents: The Best of 10 Years 2 Meter Sessions,2020-02-28,day,33,album,spotify:album:5505vc2t7GQwdpF5nUVB2s,1
44,appears_on,single,"[{'external_urls': {'spotify': 'https://open.spotify.com/artist/4INj9xWePo2t0JHp5j1qvt'}, 'href': 'https://api.spotify.com/v1/artists/4INj9xWePo2t0JHp5j1qvt', 'id': '4INj9xWePo2t0JHp5j1qvt', 'name': 'De La Trinchera', 'type': 'artist', 'uri': 'spotify:artist:4INj9xWePo2t0JHp5j1qvt'}]",{'spotify': 'https://open.spotify.com/album/2yMblV66TfuhXuzgHxpZtt'},https://api.spotify.com/v1/albums/2yMblV66TfuhXuzgHxpZtt,2yMblV66TfuhXuzgHxpZtt,"[{'height': 640, 'url': 'https://i.scdn.co/image/ab67616d0000b2731f7f821c8876d1a0f7f8929a', 'width': 640}, {'height': 300, 'url': 'https://i.scdn.co/image/ab67616d00001e021f7f821c8876d1a0f7f8929a', 'width': 300}, {'height': 64, 'url': 'https://i.scdn.co/image/ab67616d000048511f7f821c8876d1a0f7f8929a', 'width': 64}]",El Perseguidor,2019-07-09,day,5,album,spotify:album:2yMblV66TfuhXuzgHxpZtt,0
45,appears_on,compilation,"[{'external_urls': {'spotify': 'https://open.spotify.com/artist/0LyfQWJT6nXafLPZqxe9Of'}, 'href': 'https://api.spotify.com/v1/artists/0LyfQWJT6nXafLPZqxe9Of', 'id': '0LyfQWJT6nXafLPZqxe9Of', 'name': 'Various Artists', 'type': 'artist', 'uri': 'spotify:artist:0LyfQWJT6nXafLPZqxe9Of'}]",{'spotify': 'https://open.spotify.com/album/38YvuQZqMosNMGrQSMpfFw'},https://api.spotify.com/v1/albums/38YvuQZqMosNMGrQSMpfFw,38YvuQZqMosNMGrQSMpfFw,"[{'height': 640, 'url': 'https://i.scdn.co/image/ab67616d0000b2738c4ad3af2e4d5ead81934709', 'width': 640}, {'height': 300, 'url': 'https://i.scdn.co/image/ab67616d00001e028c4ad3af2e4d5ead81934709', 'width': 300}, {'height': 64, 'url': 'https://i.scdn.co/image/ab67616d000048518c4ad3af2e4d5ead81934709', 'width': 64}]","Jan Douwe Kroeske presents: 2 Meter Sessions, Vol. 6",2019-06-28,day,17,album,spotify:album:38YvuQZqMosNMGrQSMpfFw,1
46,appears_on,album,"[{'external_urls': {'spotify': 'https://open.spotify.com/artist/5wZOrGWdg4hq7KIRMupJdI'}, 'href': 'https://api.spotify.com/v1/artists/5wZOrGWdg4hq7KIRMupJdI', 'id': '5wZOrGWdg4hq7KIRMupJdI', 'name': 'Lone', 'type': 'artist', 'uri': 'spotify:artist:5wZOrGWdg4hq7KIRMupJdI'}]",{'spotify': 'https://open.spotify.com/album/7pxBfCGJtq0NpszXZb76Pf'},https://api.spotify.com/v1/albums/7pxBfCGJtq0NpszXZb76Pf,7pxBfCGJtq0NpszXZb76Pf,"[{'height': 640, 'url': 'https://i.scdn.co/image/ab67616d0000b2732c261cd8dd28ddb5984df6c5', 'width': 640}, {'height': 300, 'url': 'https://i.scdn.co/image/ab67616d00001e022c261cd8dd28ddb5984df6c5', 'width': 300}, {'height': 64, 'url': 'https://i.scdn.co/image/ab67616d000048512c261cd8dd28ddb5984df6c5', 'width': 64}]",DJ-Kicks (Lone) [Mixed Tracks],2017-09-29,day,18,album,spotify:album:7pxBfCGJtq0NpszXZb76Pf,1
47,appears_on,compilation,"[{'external_urls': {'spotify': 'https://open.spotify.com/artist/0LyfQWJT6nXafLPZqxe9Of'}, 'href': 'https://api.spotify.com/v1/artists/0LyfQWJT6nXafLPZqxe9Of', 'id': '0LyfQWJT6nXafLPZqxe9Of', 'name': 'Various Artists', 'type': 'artist', 'uri': 'spotify:artist:0LyfQWJT6nXafLPZqxe9Of'}]",{'spotify': 'https://open.spotify.com/album/72f9XuxLlE34rCdkXH1iOd'},https://api.spotify.com/v1/albums/72f9XuxLlE34rCdkXH1iOd,72f9XuxLlE34rCdkXH1iOd,"[{'height': 640, 'url': 'https://i.scdn.co/image/ab67616d0000b2733c5b9b2f783c367fa77e6615', 'width': 640}, {'height': 300, 'url': 'https://i.scdn.co/image/ab67616d00001e023c5b9b2f783c367fa77e6615', 'width': 300}, {'height': 64, 'url': 'https://i.scdn.co/image/ab67616d000048513c5b9b2f783c367fa77e6615', 'width': 64}]",Tarifa Groove Collections 17 - XV Anniversary,2017-09-22,day,21,album,spotify:album:72f9XuxLlE34rCdkXH1iOd,1
48,appears_on,album,"[{'external_urls': {'spotify': 'https://open.spotify.com/artist/5K9TGmpX8WSxe2vbNs2Kms'}, 'href': 'https://api.spotify.com/v1/artists/5K9TGmpX8WSxe2vbNs2Kms', 'id': '5K9TGmpX8WSxe2vbNs2Kms', 'name': 'String Noise', 'type': 'artist', 'uri': 'spotify:artist:5K9TGmpX8WSxe2vbNs2Kms'}]",{'spotify': 'https://open.spotify.com/album/1Q6YIudvw57Edt41VPQQQ5'},https://api.spotify.com/v1/albums/1Q6YIudvw57Edt41VPQQQ5,1Q6YIudvw57Edt41VPQQQ5,"[{'height': 640, 'url': 'https://i.scdn.co/image/ab67616d0000b273a0b41cf23c38404acd621016', 'width': 640}, {'height': 300, 'url': 'https://i.scdn.co/image/ab67616d00001e02a0b41cf23c38404acd621016', 'width': 300}, {'height': 64, 'url': 'https://i.scdn.co/image/ab67616d00004851a0b41cf23c38404acd621016', 'width': 64}]",The Book of Strange Positions,2015-11-27,day,11,album,spotify:album:1Q6YIudvw57Edt41VPQQQ5,1
49,appears_on,compilation,"[{'external_urls': {'spotify': 'https://open.spotify.com/artist/0LyfQWJT6nXafLPZqxe9Of'}, 'href': 'https://api.spotify.com/v1/artists/0LyfQWJT6nXafLPZqxe9Of', 'id': '0LyfQWJT6nXafLPZqxe9Of', 'name': 'Various Artists', 'type': 'artist', 'uri': 'spotify:artist:0LyfQWJT6nXafLPZqxe9Of'}]",{'spotify': 'https://open.spotify.com/album/3D9vUf511saEHLua6NcOLw'},https://api.spotify.com/v1/albums/3D9vUf511saEHLua6NcOLw,3D9vUf511saEHLua6NcOLw,"[{'height': 640, 'url': 'https://i.scdn.co/image/ab67616d0000b27336029362bf1eb4ef47f33e14', 'width': 640}, {'height': 300, 'url': 'https://i.scdn.co/image/ab67616d00001e0236029362bf1eb4ef47f33e14', 'width': 300}, {'height': 64, 'url': 'https://i.scdn.co/image/ab67616d0000485136029362bf1eb4ef47f33e14', 'width': 64}]",PAY CLOSE ATTENTION: XL Recordings,2014-08-25,day,35,album,spotify:album:3D9vUf511saEHLua6NcOLw,1
50,appears_on,compilation,"[{'external_urls': {'spotify': 'https://open.spotify.com/artist/0LyfQWJT6nXafLPZqxe9Of'}, 'href': 'https://api.spotify.com/v1/artists/0LyfQWJT6nXafLPZqxe9Of', 'id': '0LyfQWJT6nXafLPZqxe9Of', 'name': 'Various Artists', 'type': 'artist', 'uri': 'spotify:artist:0LyfQWJT6nXafLPZqxe9Of'}]",{'spotify': 'https://open.spotify.com/album/7hd7b0C8tkFmgogpWSA7yK'},https://api.spotify.com/v1/albums/7hd7b0C8tkFmgogpWSA7yK,7hd7b0C8tkFmgogpWSA7yK,"[{'height': 640, 'url': 'https://i.scdn.co/image/ab67616d0000b273e379b58fc11f8c5af3ceec0d', 'width': 640}, {'height': 300, 'url': 'https://i.scdn.co/image/ab67616d00001e02e379b58fc11f8c5af3ceec0d', 'width': 300}, {'height': 64, 'url': 'https://i.scdn.co/image/ab67616d00004851e379b58fc11f8c5af3ceec0d', 'width': 64}]",Released! - The Struggle Continues 1998 (Live),2013-10-28,day,28,album,spotify:album:7hd7b0C8tkFmgogpWSA7yK,3
51,appears_on,compilation,"[{'external_urls': {'spotify': 'https://open.spotify.com/artist/0LyfQWJT6nXafLPZqxe9Of'}, 'href': 'https://api.spotify.com/v1/artists/0LyfQWJT6nXafLPZqxe9Of', 'id': '0LyfQWJT6nXafLPZqxe9Of', 'name': 'Various Artists', 'type': 'artist', 'uri': 'spotify:artist:0LyfQWJT6nXafLPZqxe9Of'}]",{'spotify': 'https://open.spotify.com/album/6fM1m2d2Hkt4LZMN2EGP9K'},https://api.spotify.com/v1/albums/6fM1m2d2Hkt4LZMN2EGP9K,6fM1m2d2Hkt4LZMN2EGP9K,"[{'height': 640, 'url': 'https://i.scdn.co/image/ab67616d0000b273282860520f1fafda2d8ffa20', 'width': 640}, {'height': 300, 'url': 'https://i.scdn.co/image/ab67616d00001e02282860520f1fafda2d8ffa20', 'width': 300}, {'height': 64, 'url': 'https://i.scdn.co/image/ab67616d00004851282860520f1fafda2d8ffa20', 'width': 64}]",Get Up! Stand Up! (Highlights from the Human Rights Concerts 1986-1998),2013,year,30,album,spotify:album:6fM1m2d2Hkt4LZMN2EGP9K,2
52,appears_on,compilation,"[{'external_urls': {'spotify': 'https://open.spotify.com/artist/0LyfQWJT6nXafLPZqxe9Of'}, 'href': 'https://api.spotify.com/v1/artists/0LyfQWJT6nXafLPZqxe9Of', 'id': '0LyfQWJT6nXafLPZqxe9Of', 'name': 'Various Artists', 'type': 'artist', 'uri': 'spotify:artist:0LyfQWJT6nXafLPZqxe9Of'}]",{'spotify': 'https://open.spotify.com/album/4FLE3sQpCWW9zwB1HE7erQ'},https://api.spotify.com/v1/albums/4FLE3sQpCWW9zwB1HE7erQ,4FLE3sQpCWW9zwB1HE7erQ,"[{'height': 640, 'url': 'https://i.scdn.co/image/ab67616d0000b27326e61baf987ba4ddc4d7fe88', 'width': 640}, {'height': 300, 'url': 'https://i.scdn.co/image/ab67616d00001e0226e61baf987ba4ddc4d7fe88', 'width': 300}, {'height': 64, 'url': 'https://i.scdn.co/image/ab67616d0000485126e61baf987ba4ddc4d7fe88', 'width': 64}]",Reeling In The Decades,2011-01-01,day,42,album,spotify:album:4FLE3sQpCWW9zwB1HE7erQ,1
53,appears_on,compilation,"[{'external_urls': {'spotify': 'https://open.spotify.com/artist/0LyfQWJT6nXafLPZqxe9Of'}, 'href': 'https://api.spotify.com/v1/artists/0LyfQWJT6nXafLPZqxe9Of', 'id': '0LyfQWJT6nXafLPZqxe9Of', 'name': 'Various Artists', 'type': 'artist', 'uri': 'spotify:artist:0LyfQWJT6nXafLPZqxe9Of'}]",{'spotify': 'https://open.spotify.com/album/3XQdk4BKeIPcaTfNiXzVb2'},https://api.spotify.com/v1/albums/3XQdk4BKeIPcaTfNiXzVb2,3XQdk4BKeIPcaTfNiXzVb2,"[{'height': 640, 'url': 'https://i.scdn.co/image/ab67616d0000b2735fc5b3baeb316673cc02d8d6', 'width': 640}, {'height': 300, 'url': 'https://i.scdn.co/image/ab67616d00001e025fc5b3baeb316673cc02d8d6', 'width': 300}, {'height': 64, 'url': 'https://i.scdn.co/image/ab67616d000048515fc5b3baeb316673cc02d8d6', 'width': 64}]",Blockbuster Movie Hits,2010-01-01,day,25,album,spotify:album:3XQdk4BKeIPcaTfNiXzVb2,1
54,appears_on,compilation,"[{'external_urls': {'spotify': 'https://open.spotify.com/artist/0LyfQWJT6nXafLPZqxe9Of'}, 'href': 'https://api.spotify.com/v1/artists/0LyfQWJT6nXafLPZqxe9Of', 'id': '0LyfQWJT6nXafLPZqxe9Of', 'name': 'Various Artists', 'type': 'artist', 'uri': 'spotify:artist:0LyfQWJT6nXafLPZqxe9Of'}]",{'spotify': 'https://open.spotify.com/album/3b52zf21FTW2ZposefIqK4'},https://api.spotify.com/v1/albums/3b52zf21FTW2ZposefIqK4,3b52zf21FTW2ZposefIqK4,"[{'height': 640, 'url': 'https://i.scdn.co/image/ab67616d0000b2732a98b23842247cbac8c4899c', 'width': 640}, {'height': 300, 'url': 'https://i.scdn.co/image/ab67616d00001e022a98b23842247cbac8c4899c', 'width': 300}, {'height': 64, 'url': 'https://i.scdn.co/image/ab67616d000048512a98b23842247cbac8c4899c', 'width': 64}]",Best Of The Best,2010-01-01,day,39,album,spotify:album:3b52zf21FTW2ZposefIqK4,1
55,appears_on,album,"[{'external_urls': {'spotify': 'https://open.spotify.com/artist/0LyfQWJT6nXafLPZqxe9Of'}, 'href': 'https://api.spotify.com/v1/artists/0LyfQWJT6nXafLPZqxe9Of', 'id': '0LyfQWJT6nXafLPZqxe9Of', 'name': 'Various Artists', 'type': 'artist', 'uri': 'spotify:artist:0LyfQWJT6nXafLPZqxe9Of'}]",{'spotify': 'https://open.spotify.com/album/2U3fZnl16OPBrsCf55dDiR'},https://api.spotify.com/v1/albums/2U3fZnl16OPBrsCf55dDiR,2U3fZnl16OPBrsCf55dDiR,"[{'height': 640, 'url': 'https://i.scdn.co/image/ab67616d0000b273c49c579cc321205f138c05af', 'width': 640}, {'height': 300, 'url': 'https://i.scdn.co/image/ab67616d00001e02c49c579cc321205f138c05af', 'width': 300}, {'height': 64, 'url': 'https://i.scdn.co/image/ab67616d00004851c49c579cc321205f138c05af', 'width': 64}]",Help,1995-09-09,day,20,album,spotify:album:2U3fZnl16OPBrsCf55dDiR,1
56,appears_on,compilation,"[{'external_urls': {'spotify': 'https://open.spotify.com/artist/0LyfQWJT6nXafLPZqxe9Of'}, 'href': 'https://api.spotify.com/v1/artists/0LyfQWJT6nXafLPZqxe9Of', 'id': '0LyfQWJT6nXafLPZqxe9Of', 'name': 'Various Artists', 'type': 'artist', 'uri': 'spotify:artist:0LyfQWJT6nXafLPZqxe9Of'}]",{'spotify': 'https://open.spotify.com/album/3OrviLrUARxsTuGdWdQTMh'},https://api.spotify.com/v1/albums/3OrviLrUARxsTuGdWdQTMh,3OrviLrUARxsTuGdWdQTMh,"[{'height': 640, 'url': 'https://i.scdn.co/image/ab67616d0000b273ed30618dbf0057dd743964ee', 'width': 640}, {'height': 300, 'url': 'https://i.scdn.co/image/ab67616d00001e02ed30618dbf0057dd743964ee', 'width': 300}, {'height': 64, 'url': 'https://i.scdn.co/image/ab67616d00004851ed30618dbf0057dd743964ee', 'width': 64}]",Clueless / Original Motion Picture Soundtrack,1995-01-01,day,14,album,spotify:album:3OrviLrUARxsTuGdWdQTMh,1
